ph,turbidity,temperature,tds,label
5.243561663863074,18.513292883861965,10.468227349436239,672.702994208898,1
13.310000289738827,54.190094737835814,9.879151962879993,796.6813971913723,2
10.247915185359671,87.29458358764083,36.250183220841464,250.46789879249897,2
8.381218778758512,73.22248864095612,9.981847993980244,624.8740996069989,2
2.1842609661941115,80.65611478614497,10.87798904514524,571.7459831437487,2
2.183923284706837,65.87833667107174,30.37593049671855,832.8303767882711,2
0.8131705703547925,69.22765645178525,17.9895936980216,906.0870604812606,2
12.126466040849092,84.91956515653193,31.068422278207247,12.156771477386808,2
8.415610164404923,24.966800885918595,2.6146463025754096,674.0199190587927,2
9.913016089144637,48.942496364314046,19.502847746935373,51.83579911972902,1
0.28818292014123426,22.120944181960223,1.3445440073313053,548.8586650773559,2
13.57873793026792,98.7668007996647,2.506128138214181,287.6327290436782,2
11.654196971205904,94.40593396866133,36.25749813377644,306.7765995221412,2
2.972747549495866,3.94268113685059,5.5698148447038065,352.9585034523566,2
2.5455495408994087,70.55751725156884,21.296827291008682,621.2924490496101,2
2.5676631379480734,92.52483174156659,16.443824104028263,334.04996566876923,2
4.259391401433528,18.057534512733355,13.893733050353706,732.6990505902804,1
7.3465900428513295,56.79452305526295,35.9933338274909,404.5273855738697,2
6.047230260989621,91.54882975880419,0.87293587101958,68.35320030995862,2
4.077207962772587,3.394597858579884,26.551587447023564,783.7598424841073,1
8.565940526113312,69.742026724684,38.535777368542014,285.758324592706,2
1.9529140491285857,29.734900737255078,22.40672733847368,432.7668795992626,2
4.090025079493055,92.43961953765304,37.472898481323675,685.4438832219015,2
5.129065806111684,97.10582451653677,2.0903151714409507,332.456157148712,2
6.384979779038503,94.42664891134339,16.751732762966455,56.58565614671562,2
10.99246345950219,47.42142166574638,10.406311638482046,373.9210470128136,2
2.7954329502170365,86.20426509893134,29.23283859922919,944.4485826943035,2
7.199282137790562,84.45493985350704,39.25188361988987,641.7343972985582,2
8.293803964068594,31.910047324325564,10.261202497769911,671.4791486672069,1
0.6503057780799681,82.89154741506773,26.166984058962978,632.2821536376398,2
8.505627926620138,3.700763471549262,7.923905310389605,198.9921389594368,1
2.3873377316220816,59.6269878482053,22.613210182864396,418.33386410228013,2
0.9107223017939132,23.000883728770305,18.557299467533447,750.9397983633182,2
13.284397521546666,12.056688577727881,38.88021318526148,101.37289755315915,2
13.518848463043831,7.695320162920916,24.341090907858664,277.8527760897123,2
11.317562873630456,69.62887758781397,13.980254883472751,276.3191084658536,2
4.26459276842719,33.98749637680661,4.563831395517335,432.018927594506,2
1.3674095960893742,72.47667715287615,6.049873149397382,980.368740942185,2
9.579262371170197,6.535634079894237,9.012677198049403,67.50254668382195,1
6.162134912354418,31.529033783061035,10.03866645361192,518.700994380595,1
1.7085352878269036,53.949129237533725,34.024642313645515,179.36468201221047,2
6.932476741557783,79.07231648389636,22.448911531300997,970.6765454097441,2
0.48143929561305754,31.875250293206992,20.935636454974656,113.3035047274642,2
12.73048562910295,62.58913764370091,4.590754874768699,403.60100236159127,2
3.622919742400237,88.5977748236187,34.4055877339774,737.8849848346061,2
9.275311980955747,61.58631881823046,28.91257212833935,704.5544280274453,2
4.363955065251753,23.295947475363377,2.7067344760000633,422.7286368939323,2
7.280952296489351,2.440078155653802,28.313403889190745,346.52416795271824,0
7.653943910805915,87.00988739009298,21.741528693705842,397.61237855287055,2
2.5879623773573783,2.126941085038714,3.26901382987113,264.27626315863927,2
13.57418478870382,87.47016726841994,18.332025661146258,205.3329387067998,2
10.851859527055604,52.8937134027212,19.387851485201878,483.03969755889,2
13.152985181898648,93.90676985128962,6.63098160653103,268.5337560676073,2
12.527582905987083,79.87832357736654,37.82792588001129,287.4616648972501,2
8.370599703355191,99.79341105333374,33.99901485922648,656.7560634745571,2
12.906239290323636,35.071181545171015,26.760893493164332,968.5373316998922,2
1.238895028726873,76.71882889311269,18.491822440024286,603.6372005593751,2
2.7437600738680326,40.193091360924214,16.470621663380342,76.97946706496627,2
0.6331820447475329,47.98756203039088,26.038938686038165,75.58361385406698,2
4.554624630685701,62.75054632183701,21.817274776276218,951.423220845566,2
5.441482055652748,87.36771141863387,2.4909242352754246,297.2907903073336,2
3.798886444834543,98.40834691992951,20.500105950813268,92.06698608247544,2
11.60232512812701,76.82734138645182,32.25614468931358,599.0445871503815,2
4.99454657371025,41.77667821673337,18.36959510387832,623.6487782902661,1
3.9330831356233307,42.13570022770702,2.0782631021707365,648.5048201186881,2
7.597745164215478,73.75823015888915,31.451127975361324,267.4020278575413,2
1.972939149646677,23.877714576830233,8.054551285438976,15.110684214475034,2
11.230757730556554,11.047411313139467,10.344833395521551,965.0153694544719,2
1.0437090115167915,35.462215764077655,6.588254137291836,250.8930456911025,2
13.816417112407242,28.723899165408174,13.2086025948599,676.0262880525474,2
10.811426770153204,29.630812045599008,30.2700602275454,706.6298698787095,2
2.7820195414784137,23.360775104990992,20.775434380157492,610.0074170794857,2
0.07730963973043359,4.209318963636188,8.195250966028503,312.9073942136482,2
11.416459998367678,1.787393473341381,35.113203126081636,271.09625376406575,2
9.89600281386664,98.77223897360315,35.18327419806117,597.6682827027031,2
10.206100352573822,42.77731337358623,34.82313700184028,866.0956336116915,2
10.79778485360324,38.432664715968166,9.55184845526157,946.7337289233956,2
1.036625124277265,67.96472826930699,18.049573767239522,105.90580440375763,2
5.018520199619816,21.825388786506416,39.39958624563501,154.82861259771985,1
1.622166833351816,94.99611839502253,30.880499052399614,944.7362587830796,2
12.08344796225831,78.6345014415552,1.0866968490223927,736.5352283347926,2
8.72617377558581,8.94110023122595,2.608183650419682,882.9938248297731,2
4.632572347937089,41.75807757849284,18.557255072493312,202.63263413534315,1
0.8898169040043309,87.91183075621647,36.368808234462406,587.5858711094019,2
4.353752504019271,94.47320222914102,21.54807191810857,701.1395944174736,2
4.552566508374459,46.74015112498697,19.91250032137161,680.1118854469727,1
10.214486496732897,61.34113892107077,4.218947998265223,408.1516908666981,2
8.925804598972984,16.70339460920752,26.271204188971762,15.394891691308477,1
12.420978396068572,99.11686261369765,32.88412642400902,582.9260568042631,2
6.61100895226729,23.16717013834434,15.216800300302493,253.10153917960875,1
1.6743194431362238,94.27317741351257,31.0244740370131,450.25424614289034,2
9.98542702112193,64.96466489923685,38.57906615603247,957.5810150838173,2
10.650990680636564,60.773679487885914,8.150658365107564,399.03531764243473,2
7.857880765972947,51.26885110165086,20.933185247789652,839.8016066644267,2
10.793540519363853,23.06698117177587,11.485518323383022,188.54060574925114,2
6.91313834910147,17.652803200550828,31.714176761353574,672.4604980250289,1
7.318259611347917,22.048620907017536,23.1037346352463,977.0069544389435,2
5.985574257019695,18.643826214425452,25.38329670201215,101.8931008729368,1
0.35586777441733264,77.95844735667534,31.916566384635765,8.319942227192012,2
1.5104799779062623,35.01252591667301,15.838818906498195,433.58279263261437,2
0.4400085996142795,5.784267656339637,36.60360273628173,92.6254830513672,2
8.909745757692926,96.91026301408114,21.3211546898456,748.3843496762314,2
4.400983735068573,88.37858849634257,6.31819291341392,914.5486638485589,2
7.119989676305838,92.77522831952129,27.8359647267521,434.02097270875885,2
12.705930634965302,99.49078226464353,31.730454017530178,258.711642155441,2
3.490091208084249,17.38952492194873,12.670467082701066,434.40331900660976,2
5.745360922498817,39.62420189026587,34.28717027995012,723.447817850001,1
10.577715939602681,75.82384757040913,36.24573019063065,9.054161580370979,2
3.2031743168827145,69.60206180537922,11.076179495112356,589.4539894846972,2
1.0777187376031019,15.389590633985506,39.34085890860888,613.291684887379,2
4.056520340792752,81.58331249906178,5.628461121950337,637.6882468959355,2
2.257098021556062,22.444057183666068,8.0806267360996,242.0220799808772,2
13.015767132796023,22.38176148226231,7.368993569521045,714.0527233781268,2
11.313685313901837,53.69744228934136,35.75958840031482,91.3914863317764,2
8.867652591145928,59.293993484170315,26.171702092998473,199.2703364668008,2
12.200448262628047,58.00862078378112,6.084171328890915,877.470046654482,2
11.251409076587603,9.148683739775487,17.61293673473396,738.7231507265664,2
2.611980824404502,87.74608626303804,24.61192100279208,13.745554011345252,2
12.495825978859688,26.560004258870606,3.3385633995753317,248.3762603698002,2
7.55079138681911,12.951492128280417,35.29665473629355,214.40648299316456,1
11.304162172296875,88.87480798689772,32.14414141766141,270.80632803697256,2
12.545278198928905,95.56514982297534,20.20827094306553,247.5597702798864,2
4.452048649606095,86.21276172654507,38.685064610366815,62.52629574284574,2
1.5407269433874746,80.95160747248781,16.710439171003987,458.9405165968203,2
3.1910922755871836,65.52419806390218,39.36441276145991,732.7334747861652,2
5.979509040767589,55.08573706091393,26.71679995214508,606.7317247174365,2
11.452206722914903,8.698675991141014,25.386850930157657,672.8716685980797,2
12.050228165588809,40.845321307069874,6.6381958118314,81.14917853623915,2
0.09732982743666985,37.2688517012314,35.27711033218576,951.4907101767872,2
7.15046223608592,25.97537837603262,17.099587516824606,838.4918338430249,2
5.843754044082906,72.3420113688585,6.489336231299174,805.0903184956627,2
3.1095093465902233,49.58757350787708,0.5043007990303616,822.9838050417675,2
1.6781151426715593,8.104621590764793,22.3902273455353,932.7105081327613,2
4.726612399650792,22.018320194981133,21.095984884907054,544.2539661136977,1
13.200735854775267,68.32587636595959,28.774144894766344,200.28201786762588,2
4.524841048290574,7.613085949030019,35.610322120712084,616.7836078525412,1
7.263068704407125,85.12069140487687,3.176263385721181,742.881493667939,2
9.84226542453249,49.51465270139743,29.259859613614495,737.9173933540254,1
5.090814433310116,48.0586577326648,7.496477763903289,521.4490241668801,1
13.604949158093449,59.24077846595176,34.327082126286555,68.45871933357806,2
13.474262129189558,82.46809659251491,32.76254055446624,371.1129384301278,2
3.524952141555098,34.780920790219305,21.631750199421774,920.7666084633573,2
6.961479082493396,67.80161525590636,28.40971194493246,584.448909757426,2
4.2122963374347755,56.5731963995791,12.574004527349935,538.3319432557134,2
3.9877669212845466,26.70282701694213,18.846715957312586,268.8535143821935,2
0.5164172629634591,87.8629986355158,32.865475908418865,368.4489199165789,2
8.533900675718556,79.74260216069281,18.370607886928557,895.3460891531693,2
7.037506325204061,65.84518346584255,14.311930613017672,666.4630475268357,2
0.7207025174998509,85.05817290942419,19.768497890011997,787.3870267523329,2
3.90105049931256,86.72942009598023,33.12997009748874,454.34542306765513,2
12.715722403533151,70.83629767150347,13.40832189483491,630.247219456158,2
3.353866469337614,83.7013328363672,6.950463725429752,248.38360874320753,2
2.0285282092771233,69.74714616692836,28.48056081323123,705.4608302834863,2
6.852338643885882,68.01407717603004,33.03912850832327,427.60133370333733,2
13.79910635754841,61.86113782151843,4.025499140941333,442.54551481474556,2
3.3887738011610056,75.27166395576413,9.594964510237789,649.3223245768817,2
9.4098976636823,15.86051052930737,5.678879590439756,936.2806214689267,2
10.662674614602047,88.08707591989284,13.917656463286665,64.00634660862093,2
3.3269256158935954,87.1843527745232,18.014039156216505,824.7432373470076,2
10.195028880566035,2.9247283034559146,29.953053478532258,292.3831104121931,2
5.148963858069545,82.58167505647627,26.045903395266965,443.9194545063778,2
8.852281628310113,12.886986747344519,24.837142699137246,21.913328775008956,1
8.869415950652526,33.51188542591419,14.094997864386176,301.04607783431305,1
7.5008455770466185,74.35082562916078,33.6579021233904,502.6312426301305,2
1.2640567807617162,16.07598960483082,18.85148669592658,56.17607734743901,2
11.694234938249332,81.79670241190622,39.16419752060618,491.0957293831651,2
4.490920909604302,83.21341779577419,25.365685531829474,927.1106288584273,2
2.611259145597959,50.746773376083624,5.050589662580109,105.39321810780523,2
0.5708519817666948,0.638587171683358,27.047102483017362,764.4407280755044,2
8.272501204635386,28.703813317491278,13.00416061726796,409.67105337599264,1
9.485901065791953,61.69269183757422,27.453087867443898,655.173714524338,2
0.23222960498998613,98.11861780274235,2.7856459264962297,260.23659798522937,2
7.1693028161899335,63.18135270166684,6.9952574870383755,159.4922625413583,2
3.1709408527711314,25.98035810641598,34.22949035623145,160.46261427122644,2
9.032419065732299,63.40057030996113,9.087182280940596,70.49194564314465,2
2.44113000606988,53.99853797158555,33.4816450097176,185.64670490124303,2
9.673128333434523,77.98453951511436,11.171043538176416,664.2193849889683,2
5.414294848207524,10.698063882695841,25.715276402348305,881.690611843508,2
13.114219842314283,76.1027902502028,27.766022940393242,814.1256855911619,2
1.9252932180439055,54.12665786761103,20.506190125802117,685.1343098744841,2
4.774928914703619,96.29920038589947,12.212427067869251,110.43186341110267,2
1.588629297368247,34.187216603868606,8.505775054843845,289.1874462959498,2
12.945710655899878,63.26218931339481,1.3275741824970488,309.80687532246895,2
12.282750947333735,93.20281055100175,12.157856049628952,249.95694639762124,2
3.6111827880121785,10.250972799067926,26.12651162125132,515.0056597097231,2
9.239776644478507,93.72284872364511,37.532192737939305,535.5538148796726,2
11.441110802817022,68.78857223008133,34.84817929052208,356.8859751711102,2
7.772811362392472,6.78370591051719,30.642591061412105,353.78915873643604,1
7.415108096984091,30.096356694681624,31.537893730131948,828.5555979060814,2
3.3859320726063236,70.81720886452815,26.59939613903981,789.2928483196856,2
1.303438749282589,6.73506014687717,10.41147430264012,307.79583168074566,2
12.561020611346574,58.217046017627325,36.28780122823319,913.7884438732593,2
12.605852800286627,34.588305695295674,26.829292476233363,952.815017002506,2
8.863420401825751,62.091551776747714,22.4176252392176,326.74254203004085,2
4.746417074681809,4.5742033812512854,4.439578768539243,354.42494879305485,2
4.888934044577253,87.15368061523763,17.882221752257017,505.63415342195884,2
10.163379504183352,97.3488969177397,18.41433084807705,941.1208125336735,2
12.559543639336079,96.88778552856915,34.582544380906796,876.3194331423115,2
12.419209939711642,74.96518317429248,21.865928807511537,102.5679625835898,2
10.918257642006735,13.008624013063198,15.216021958816386,392.7307432714162,2
8.988443046160029,75.82631959290225,39.07201314042637,553.3711897497718,2
1.1779595099306837,2.458691645880151,4.428823733052627,503.13247255154005,2
2.2628019973245928,2.2123551528997254,16.901937132477784,193.86306793689266,2
12.57975863937911,32.36102191495412,1.6809870068562116,858.8167711681547,2
8.49000683523426,48.864319040466576,29.596164830677214,676.9407829968374,1
0.12875872263281507,77.04074178077931,36.72306208796603,837.9083748518036,2
1.4206016001244495,68.32953766065052,11.201493182019577,858.7642793494722,2
9.289024767512782,44.590270637674834,34.33366707196483,748.3558536657398,1
0.07086217384706162,27.362666628166586,11.68872921847591,439.21060124971734,2
2.2513127198449814,99.71245001577111,36.43080646575661,610.5467550154245,2
7.6822730511322055,42.6181302235973,30.158476143871358,160.36540611974314,1
9.686532767697706,45.13870243296755,32.19627107365754,673.6454174749077,1
9.127457633036407,16.362382119166917,0.72026222401818,179.25325573928075,2
3.1397703324478368,79.48095487499293,38.51241428296104,693.9495905101568,2
9.970509098865502,69.36822257814886,29.06683968281293,229.59816075396867,2
3.321487224955201,22.07696127887604,12.190043815445332,117.55130015021997,2
4.555595774229748,8.238104561584269,33.17578659435388,165.28449014295742,1
10.450879671652338,68.0499302074713,11.260847936597198,1.992135219070268,2
9.094860586661005,65.45112142811352,34.910153582645115,718.7396178535303,2
11.889127746918492,27.32595269982093,4.503215616477481,732.4010490583792,2
9.206580492204807,95.08635622504103,28.147439098431832,514.9333499132595,2
7.956320446696603,15.105789178090024,21.62793906579641,161.3628010553837,1
1.3114467495932947,43.23348010426019,3.8613788078176325,83.55433751068975,2
5.148021242832069,94.36159201675989,9.67575313035356,19.12896643728701,2
3.7128331475441563,41.97273169261223,0.4961614510925916,165.7481769652207,2
3.41585500730717,63.85259476640856,18.750718618580233,890.8555349831468,2
13.622147766534239,39.75943979627943,12.050610430400015,241.53684170168177,2
5.503368145334646,27.421520234867003,23.934299371910353,354.2713272172157,1
12.488651772479585,98.39776479598282,11.889512308344688,105.34548448133319,2
8.83594076396168,40.9334006315043,11.996764460279387,222.36130474817028,1
11.127358249583079,89.40992036791344,29.727727949264136,519.2245707802051,2
7.03691930347269,22.995460589108617,1.925713439134138,607.7526830956525,2
8.076654384769027,21.31047040250833,36.11579980767949,245.35231416621107,1
6.895247713464094,3.113408288451136,34.09055497564726,57.73215922511721,1
2.7334018291726228,65.1666825375885,26.71218732905626,391.03286912739867,2
10.114329613661074,36.852634372376116,23.72886280429537,234.20337092633414,2
3.930813074171981,86.4358249839637,35.69209992558609,219.55392322980194,2
0.34042353004035375,47.32099066915572,7.413207181148578,959.8628027134553,2
9.03661214270035,96.81934279147217,3.1587664876331445,616.300485925724,2
2.479549511698685,18.552551570312115,9.580406796381524,556.8784431720959,2
13.1664201809408,86.86231679556109,31.783131148007612,415.77510352332195,2
13.355000078036223,77.65968527917417,1.386810669059333,428.94433343014424,2
12.80810146308628,77.0921844644052,23.312273403339585,540.9050038380808,2
5.182221803576222,84.47832281168877,39.817500647652395,696.4298070361073,2
0.216392631404144,76.10239909429988,34.227843753501574,702.1460961818294,2
12.996459876228155,62.62203216314154,20.857827561743576,171.69390770544956,2
5.994578076442401,13.124487768238758,2.5456363714656938,500.112752076627,2
13.533167466611374,3.2526179491251916,33.25494057542839,411.958095034102,2
13.49067967924954,92.08478478156869,23.95914032708842,870.5269662693842,2
11.942132376543041,61.665031452073805,4.597319882382673,631.4189212183763,2
4.122284488974199,79.65372909761763,3.754291392934248,532.5040664159818,2
5.391368200426953,48.152235151255006,36.3850727774637,115.39464217891737,1
11.915913401235997,11.730818896239448,26.768010517523138,605.6378893234114,2
4.4369080721878875,12.518579220255043,33.17147197267022,117.20390568023342,1
2.372898453605295,68.55652872289714,35.15915601129069,337.2065755657521,2
7.795217674416902,43.030589489946266,22.87089408193289,142.84196481433187,1
13.106166838250934,20.052472670033673,20.69785407020165,692.0736470243689,2
9.744417153449621,49.15945467414369,17.21709641283961,206.2521138361526,1
7.98085638125111,6.420893707513409,12.677863511644771,391.859373188026,1
1.3604709127907595,58.19714019143988,17.38383843434847,895.6747776187786,2
8.610101173788376,26.899340443509768,30.955186229206255,204.3163833989703,1
13.860753901459686,79.75591006371882,24.07693724060526,507.8050639587791,2
1.9611762133113364,31.036195892357377,35.70093159819385,419.271661166022,2
7.256615133092314,45.52201490818012,17.73520057516751,18.124041045729733,1
12.283223006991376,1.1620539908100636,24.28358314875016,792.7581135728128,2
10.370760648558862,7.244688779455888,25.25230212367955,69.04590631459972,2
9.758220373933751,39.24935564066848,23.66788649225302,474.2550209769536,1
9.83477717581953,47.99388347171235,28.10535092342065,560.67829493895,1
5.032876117076572,60.00205481193037,9.497338734992251,628.4264566145871,2
4.1102858197029075,29.166257870930323,20.494551101831625,688.6316293078755,1
11.33105617669919,69.49818861265426,4.168992112333907,253.27238352271507,2
11.34158752550853,86.01223971892045,15.380453105792501,9.978776658449373,2
12.139012460121451,77.98509888933498,19.506682744850576,723.443662354912,2
12.785367735790597,3.9618825348357145,26.0889703818189,535.6565993475785,2
7.158793584053129,48.0506947257829,38.02124210344814,836.1177032072487,2
7.0212281256207945,10.493017841817487,24.026042661934234,821.3883629006942,2
11.176132505534852,24.204501586252746,29.74375664706239,843.3261677878832,2
9.099495030888711,98.66625932671465,20.25064237980811,485.09465997954015,2
9.827536281607847,14.249554290151323,25.364161255053254,333.62839583686565,1
11.141097372105415,49.888815345135605,2.837288645350937,791.55820259137,2
12.460074785445928,61.81557343181191,10.17566323367388,451.2941130292549,2
4.731932195921502,70.2464970544104,14.474123728205548,183.4421964034345,2
5.258161336959216,55.96486834869141,18.899734200260543,854.9740195614744,2
1.315747157772166,0.9770847419183659,1.8259498200953495,882.5598767723473,2
8.095921973946435,32.64613082439919,5.600963902132707,466.3097561401701,1
0.5031918331543892,51.771164338471145,11.07257231165223,75.69972730978746,2
6.518372253854443,8.786649914483336,38.86130763604203,387.8260899169312,1
7.597024885906073,35.06269312091808,13.25388028412203,803.5376594626034,2
4.011577529795982,3.3203108791366565,19.2816423244833,901.7740285462287,2
8.27166564796615,7.857849715502074,7.8439085095357175,203.47274249759585,1
0.427003499146692,39.69232762015961,24.431202843030732,66.97361202527152,2
0.5228746424890018,13.271575404306034,11.227328620638971,877.3504531328387,2
11.516407849235215,56.75408482615582,8.279703137537071,389.4049389788753,2
5.04266897975768,68.94649691372658,20.66290513783916,541.7609642675633,2
1.778847177126387,80.05866991090829,0.22023196641683285,968.065812050759,2
7.311405640767261,20.01502442448101,0.3065613059690131,66.56472791422286,2
10.779909743380552,16.748258225906977,8.762752364074311,648.3180074520956,2
3.0214943849558047,10.456784033440025,1.4688545000328457,74.10542257486708,2
8.720466661466004,63.64302495436367,4.321030165227655,375.46892846650036,2
1.194864509912752,70.64757264869012,13.554425973550064,803.8145451934467,2
0.7235440963605078,3.1586144825642037,32.103427183192515,433.4722327556344,2
7.438964841954072,93.62122462436898,22.88194573477203,997.1823539029504,2
7.5688917025414915,5.1971283651472415,20.506709038256655,559.0592849466021,1
8.924018620974891,54.12963353010704,11.739552928324866,321.1621526359535,2
10.165278672117262,70.90605194509165,37.270148777312656,220.11132590475313,2
13.661929112475484,87.09691237460856,15.880601649487666,350.5205342861618,2
7.228204876216735,71.40869321324278,3.4837106718308597,372.5332737595508,2
4.521390621177444,80.17280830697918,24.68266064471205,68.71367772396097,2
11.132606726761852,33.94501925428061,4.553535739064056,369.5741994267732,2
3.791651517669039,81.48251137465122,13.808925712067683,464.2385197392249,2
6.1455998898789055,8.011484638467515,20.296477548712353,722.7377522388047,1
1.0983893387917234,89.48166560605276,34.96890098740703,656.729484721608,2
0.35491040781640515,54.75923761537362,19.741863213604745,708.7656552291543,2
13.47707780549095,81.72977699624937,28.09035064126657,8.363681876857099,2
11.703721687170882,45.23182845183001,39.712673559962816,217.66739958053606,2
9.743638885311771,64.35776951965249,5.259564795919265,661.6842883998565,2
5.725341221799779,52.640266093611324,10.98926102078078,483.98936817974715,2
2.426120480991841,73.15895217553319,15.783043023905856,5.313475668345946,2
2.1901185973952044,8.162998203058958,16.873127141553255,804.4946424318223,2
3.503400574304335,6.03520839905638,16.44084301062183,772.8095732903374,2
7.689173305885687,24.710323401014644,36.3044401022622,548.4191629935626,1
10.004342917800873,15.954468011318834,28.561305778674257,66.46332577627211,2
9.242763274048238,87.17835665922017,24.31620856362815,766.5150495325846,2
3.9190745572431998,21.92139873580443,12.374908714511283,583.713587731364,2
13.368113929284718,97.58652558191314,32.95161536885179,781.9599771579592,2
10.33055683374076,33.68957917711069,38.202420459399555,751.7469923958404,2
7.76095673515961,18.211791568869927,32.84793130200906,803.0020719578371,2
8.56409044728093,78.96985071424791,0.06260420765891617,518.0080664046249,2
5.8744008739890585,65.87077755008761,25.45605480733628,140.324518193515,2
3.4682338530162045,49.8195716453139,2.045415257684029,671.1574733796887,2
4.983617501117662,55.53635509376312,10.304288813348874,620.4737850519706,2
10.609845546501168,71.92017782722638,2.3809880139108675,742.2531871990872,2
0.20150884081658216,22.845474133129873,24.15181811797551,169.8810060507353,2
1.6250169670968273,99.63339160567419,27.46359653970427,194.97519990028923,2
0.6440369883045385,97.4793162146783,4.579505522636205,890.4095172193284,2
0.5702032324655819,65.03256863469369,15.35355532179918,749.9777984520708,2
11.9764481761541,19.954245092914512,18.249460358221683,908.2284887003229,2
9.851210031320331,68.02282424312914,14.762120870436664,758.7153211639207,2
6.638433607222552,7.219840897917584,4.841000019407722,597.1553059903018,2
1.3696782491140207,3.0652502205806065,16.757911607499018,654.1327370278736,2
6.882622251635653,25.76828885112137,30.047121912336724,889.12792394001,2
6.62860479092792,46.26229567393163,2.8403065813302186,578.8067545119405,2
2.4248261787402123,86.82725054083805,3.207200563276138,632.3913243283874,2
6.073923089331623,72.7169069766308,14.190851673439369,156.4767160036006,2
5.579066281563228,74.2706521199981,37.669028464757005,473.9212201161027,2
8.621901372731031,42.54933344480754,26.742905868916562,716.397111958099,1
8.891311112147013,34.59349925469629,27.146798266902593,270.9426983163654,1
0.6342561368086232,37.10387629846027,14.476799633514599,202.25418052453492,2
5.244576604770597,98.76495637360578,23.746431648341538,313.8268082244156,2
8.76203881999931,4.010919141248248,0.40524736110973514,241.50062799283344,2
7.043907620121228,86.70314961224486,25.443841856381688,214.91263703639584,2
11.990857776636512,57.86754085723934,36.53147790304947,424.85084286808694,2
9.22171084266523,43.86154191895905,24.502938733792767,907.8385138835341,2
2.2810819791400156,72.52576604151365,34.947943738653805,507.0596467387183,2
0.9879624636060178,48.666894142470284,28.958922218643753,187.92038081532303,2
8.99386989488842,87.34232380816606,4.82233665614761,76.97166938087408,2
0.3711583475827054,90.07018640112585,36.09813229143367,696.1561451379253,2
8.200858137828487,42.17209268734554,2.6577537742309953,382.79876443638784,2
13.163223379949406,27.682779723505156,21.35869890191055,821.8309465853592,2
8.056638490262305,59.23503285933622,5.685484951738307,659.5107686407702,2
5.434378966891307,91.2363345616691,0.4682644292361626,796.2414505413685,2
9.006035058192944,21.066218900566657,16.88137040510556,271.9460394184488,1
6.415540466881232,62.296658356348274,11.80162830616625,692.3589224610581,2
7.638635050423089,63.156022009252055,19.44001975190412,264.0619846937188,2
13.180507322871353,73.3113022415281,23.087995469382033,939.0684794502916,2
5.40543692921084,13.15676851272598,1.7495628923578943,636.3742815333744,2
13.4566678935348,71.58249646820886,4.9201318049498255,324.5118001753421,2
12.674908987384892,90.9032520665641,22.345695858017013,269.51186229227267,2
2.74107588705015,17.968310887024195,13.72669412690633,190.9265850716435,2
0.9710582122523164,23.754332492387764,29.16693950197792,694.6409588937278,2
1.4108920192839731,97.13950940416396,26.091665943677587,218.7156129979273,2
0.2551055591216962,18.097695270948975,33.82417451959627,595.3032659274891,2
1.3222014505829975,85.4385093369579,27.69971306676901,264.63502692535735,2
9.562094827828997,49.227785644803475,17.197243095605927,661.9689447938686,1
0.9966410784432058,24.723107440317705,26.918664895777297,814.9397285405392,2
4.4656588241126585,87.07499012725114,11.01524697021674,778.0252431446531,2
11.828254353572364,44.53052550026655,12.252539951128508,760.8513309307817,2
0.3258071003015621,51.48173539296902,31.559406396831733,187.72240569225207,2
11.402558756245101,35.92333693997657,17.856780656063286,88.3849469845187,2
3.945966846827599,59.29508514349274,31.9352136207341,698.9488284873856,2
1.6543075867031876,16.352387258502276,32.89689494673114,368.3472137943513,2
9.75432031509811,39.10815366517607,34.30249350645135,432.3462264033473,1
8.805199854918376,96.94123223352875,36.66540943364829,31.149092793391063,2
12.28460818937874,25.813343270112753,17.23940882053185,259.5764492750492,2
10.290994613254401,65.67366645412922,12.754672732845552,33.67640387446402,2
11.24873302538788,32.51900642246949,23.287949863764553,879.1857726012477,2
3.948484015998291,77.34731256866006,14.846896937505104,243.39668321853048,2
2.4841536129161197,13.087366071834982,24.042966672009317,557.337169573008,2
10.508606522972016,96.98210450785447,28.223434505752984,38.979320661130416,2
11.295686349741697,45.37895413836392,27.536200739685476,666.8473913056581,2
13.867071988009426,23.605046334646396,14.982115480804854,323.02734575409386,2
5.776647476759971,7.349674733001265,6.674408067950113,897.9191869576658,2
5.208253201098964,16.975790508754073,17.2211735384883,888.1181889340359,2
10.869781450387956,51.977394855601766,5.703765763276349,325.29061836174776,2
4.77124956354225,33.70031764312863,35.60388140735233,900.9608956904679,2
13.030602558449907,82.88833658826094,13.835098429514296,996.1576734987788,2
12.017778525802164,43.08875236618059,6.178389888932951,825.4156641239481,2
6.005916383250257,24.871427258762992,1.017910396230035,844.871347755229,2
10.512194949080964,61.714498660403,25.832895451459372,249.0087361090899,2
10.563600237185552,70.67772168854458,25.47609269818973,576.7023988577563,2
1.4437341637030565,16.704190790094987,13.624166663251668,67.25591396736786,2
12.635740693513933,16.761921628831765,2.8684755539060403,94.91793682166971,2
7.07353321427,3.667142693354297,16.385155795809283,998.8926120332906,2
11.570404525508383,73.64020150656405,12.448699802535742,326.6392494259109,2
4.480694414428564,66.38045276218051,27.084825589400374,748.1839120488464,2
12.537325198946807,47.46308757498139,24.231169978107616,806.6650530268165,2
5.448823502278284,84.41704489691972,14.5837491279016,858.0232710072291,2
0.15172712072417704,80.56701529500532,8.715702170199604,997.6282974021565,2
12.67534766986969,58.535436439675216,39.52143864622367,241.49648525686786,2
1.2780134750058698,86.82712805132586,18.160064847844595,40.35082685969971,2
4.470390926265808,20.584121003676824,27.53096943120948,411.191517994586,1
13.30086753871127,11.191961939772789,5.622118703134431,130.08066982894695,2
13.308500057125785,26.974961151698963,19.423587986375914,22.425889162055125,2
8.028130433726005,5.708685608931486,1.1014687947786195,360.4268271414861,2
8.84572097037719,53.1169528001032,20.218204716417997,783.7382510752365,2
6.278237307696477,93.66056922949615,38.560696284708094,566.1806912250709,2
4.104950803772903,3.9343540668509647,15.368268519432009,312.77798921035406,1
4.601303635178823,12.21099140100268,1.5598405029964635,654.3420054927197,2
9.415258385078538,45.21990282834353,1.2382316367737412,232.0181803088107,2
10.53324341212752,93.38750175279048,15.51947039787478,14.381446072085025,2
11.08210661216188,31.61561049767505,6.400997458527762,764.3533864364274,2
11.054653999123754,50.723480868839246,0.9340838531274365,623.7430848640091,2
1.2768854426816652,4.15728590503921,30.248544558007072,762.30262450096,2
6.921884265836141,14.834320096208886,18.340920355275628,38.93801668766561,1
0.80582264023302,98.66301229588468,11.569790878906181,837.1196278306522,2
7.693404352532298,96.51186964360456,36.00332732065923,619.5262000363033,2
6.181427019227279,0.49399809344096157,4.645558408021024,563.3953507126402,2
12.427858558616197,95.18117854232389,38.23675315821277,624.6140481145316,2
4.912810175729102,63.91199378155004,12.558668695094113,864.4332468683641,2
1.638938229986482,86.79182945200222,35.53614689234725,586.936506558907,2
2.001883548739702,45.47398556338591,24.11771505917846,580.9503798881793,2
10.661148844044611,51.55960285792502,33.0682943896595,990.6791570657658,2
8.655052886427654,48.88465802569202,39.360526528418575,756.730167068568,1
1.4157174657190634,66.68642575461044,11.536217512749829,442.29380545113526,2
1.177495285609964,13.96512547563129,38.44541941630372,707.3970000329277,2
9.81356784042768,2.9973589872677953,15.579275796096814,389.23047169178847,1
1.0186820890987094,30.79299415911909,15.420476189476894,228.875462483499,2
11.506040830064986,70.46807627366466,13.615484170180228,596.8518768877594,2
9.887391180190948,20.185345212294838,21.656304293903407,928.1820981139515,2
1.1388829289865967,67.34324333249174,6.165801727139484,929.1395200154627,2
1.1877279971926868,96.99120461072704,22.14845941432045,341.9052781054903,2
13.812954099016457,9.39007157894184,21.66819249640016,527.677466221695,2
5.239791140585685,67.26021182251263,30.4760725041948,211.6358985698612,2
5.188990058936473,44.375021930457116,33.34599847750342,995.6311094988835,2
11.379193941605036,86.81422543775054,17.617654012496963,981.1179078679357,2
13.261480083374021,17.71497894473859,12.093329974059749,649.5089297074474,2
13.804014893520193,69.26259522261645,10.373395892683778,804.4140596774733,2
10.547294593625182,83.81152896481102,7.784953468194877,715.1001612837,2
5.2676341974328205,94.46142194740233,2.3059032879609953,593.1582190394682,2
1.1690100337813627,68.32480282896458,13.697919153388533,53.34799698889769,2
10.880056822984114,49.71747640084273,10.80990768523133,454.76434255266105,2
7.817659496301271,61.78472402012139,38.65669543465629,674.7863021674106,2
5.939108129457668,86.89049844787182,22.308353050001756,677.5316138836847,2
12.688961391326304,57.060974663882966,13.891081561220302,373.1226184223836,2
1.5567647522861188,3.038705969683686,23.21870403974784,941.6919866580306,2
6.8967514600720286,93.09486955069778,5.56786805382782,167.357032236781,2
0.15895102674386696,68.95267510315611,17.761749968088118,500.35944621556064,2
6.561248987917768,67.65133857772466,25.049372856842552,690.8839765508228,2
0.7882458595457229,21.567515239771716,19.555913271698056,697.1358058918092,2
1.663450827753007,65.88854702326572,16.07115202617297,648.6389567688155,2
1.6453674548794683,39.386440565415846,39.75393555598793,275.28821345186014,2
9.08894422962489,65.12329770414921,35.21259048595708,156.20656868662198,2
10.444628309715926,10.659303030799073,24.936238326377605,635.9403268267108,2
8.167162711360234,65.7845304603036,22.77509444729131,599.3021161394378,2
13.470415678643587,99.94137257706666,24.826419192983362,179.35601028924097,2
5.248188113331857,4.821203886055603,8.052484312897331,705.1391455705633,1
3.9999692079460503,97.71741842213173,15.805509730572744,455.1719917336564,2
12.160387794652443,40.690796072287064,1.5783813156359727,667.7605916031529,2
3.130341739272337,87.07534503372591,19.021841499473066,837.3670797701507,2
13.485115552168558,78.23854840582734,21.720983358306526,169.72842857692316,2
0.17016264565742878,56.70162609866678,9.109989444128384,19.14486799683668,2
13.578303573906947,73.84492092513266,38.56115388662055,779.1025863957868,2
0.6042387673080656,87.8515561301348,36.37818443748968,609.6974251526159,2
12.476003591772995,40.4140321651033,28.885729418236235,699.6395696221217,2
7.387815527208198,32.70331615632387,21.335465150614503,838.1549749886426,2
13.901507145670205,66.75933855635847,34.7987663859074,802.8109348245005,2
1.033151906295584,80.78459419412586,5.2260937529385165,960.9201469288247,2
7.753959981618491,76.22851347766158,31.6203917709954,535.9350788521182,2
13.570235498667385,79.78136488586345,4.992832558673932,488.49563265990537,2
7.3233698183820835,43.5583314812933,31.768426501976215,401.8871998907301,1
8.811580933893676,81.78342161750216,11.030702730054278,153.69104284420453,2
9.74048164578464,12.020905537060845,35.083623240727555,572.6072328820225,1
6.363574906748825,54.448909796084955,37.761683753015916,277.0125243259788,2
8.785813121176888,0.575866049812157,5.951838776204625,921.3075122129754,2
8.180400366923404,32.45858299002703,18.50702420261574,583.1908042770975,1
12.616212146873846,36.646153487139784,39.23949512650741,592.8401805081102,2
0.6362493247804102,39.61726916092554,19.336297438925865,354.92466087701,2
3.9334846542912247,69.54672066898621,34.54190090058181,51.989351977707486,2
13.305760777071821,38.85581012703457,23.549260885252792,31.74376537298862,2
12.463692974472828,44.86936226225306,15.013196316784075,423.3351441531975,2
6.379194538999981,23.754413087432745,11.431342221034807,84.56537809723785,1
8.681856369221514,37.325179162934006,8.12892364344349,606.8469555401391,1
3.8833365617358577,22.726962726315147,30.47192765510789,880.9730056396575,2
2.6336962361326584,7.319592376844364,15.461620272921115,882.9148165187222,2
6.491777669159751,60.34485933813779,20.451018488030044,659.0454101322324,2
4.946931192364739,66.82127985550163,19.693019200047278,211.23183147293102,2
8.171185565912209,61.94903460096145,23.09116116932525,862.9968313588721,2
1.0882849175097877,46.34940438005724,34.62308582498209,886.0934353132081,2
13.641527307326331,37.978578017922985,39.22957374333718,196.6535849529587,2
13.80695042271444,86.33336495718252,16.303368342952677,737.4260857706772,2
9.774263996276431,51.908178513621806,33.10075688425212,286.51954892712297,2
7.505349128817685,47.9181877629731,30.581111786188707,802.6403123529296,2
4.333386628008588,2.5642065806435688,22.941158058222932,997.2378999036026,2
11.393130275897281,34.12478276261564,38.24188574447732,30.026005329392813,2
9.58623641575431,38.019561878585705,8.018980621136112,897.3658657909319,2
2.276637150828478,39.88227808969005,4.3705684123848565,622.6305335986581,2
12.752980582913795,58.017236922733225,34.15847867821689,973.3826191648211,2
11.515521400924365,53.360254672687844,17.56599266534993,465.0095175264276,2
13.297198786086936,60.79050927934446,33.87875416828242,847.3879305713738,2
10.16007311743704,76.48832615421283,35.723608207816596,62.39406859827723,2
8.587812743101058,81.29857387160935,2.4983037447628575,335.2790500782957,2
5.855402508068664,71.81230762264944,35.33859051944243,67.01653775120997,2
13.058198766956185,95.55236959549347,17.932762214776886,975.3431334790705,2
12.124894453005718,1.823258267636163,20.41729956016929,816.9739072718368,2
0.6330613814866517,19.57779856835461,25.063700443728408,852.5474212459704,2
0.36913764296152807,0.756287497814212,37.05530426920347,937.9652314338942,2
5.270487136292695,64.7474714154603,0.7646437771905612,85.10348611978536,2
11.347746630945661,89.8030548949987,19.073738732712684,385.5975925133334,2
13.821865810409223,24.34822965762993,27.508881697222428,71.03488904400213,2
2.1058364754493946,92.70345447963066,28.908278307929137,210.7931015500286,2
8.317830014929893,6.026739028956085,27.70129726148432,229.36577703767236,0
5.332471992834301,93.44360268055144,5.377405176324874,469.1072110475787,2
13.578801569404444,35.16226872396344,11.97582353486725,268.5621674536426,2
11.789664923899922,10.142082844921651,14.34862101668054,100.97810681776109,2
11.73660186595593,48.58717591863256,32.1774883071802,167.4910890941077,2
6.561704237129584,25.677656772050796,11.150394896582121,147.27556355209092,1
5.807473032727312,28.487290196192284,8.428198554688127,973.0767979122983,2
3.8276990070298873,30.728996492628657,38.29792076152385,759.2925069184736,2
0.7892569531129796,80.30258978326634,0.354531404538756,967.761465269562,2
12.106113267570745,53.91612766752545,39.91283422727913,439.74048650790854,2
11.380614127821087,31.130769915600364,27.072851954295825,278.3684816626566,2
13.996047426005829,61.03337833109184,33.13877197796468,798.2931972091867,2
13.952915719034674,71.61506742231936,11.784775853847727,326.2539180411468,2
7.776043878436784,27.262400073353376,0.5726111066823991,299.3833737053483,2
10.765823812527147,41.354910152535155,29.514780742461202,232.50599220783118,2
13.226720218353993,12.188609333694755,33.36578388002703,129.67897822423535,2
11.89506346948376,18.11493495346803,29.619045278140767,256.46306101676595,2
3.4628734244047674,68.11178539649828,5.714011492033544,355.31974847388767,2
6.307617894341309,18.143834769562694,30.13711689027876,673.9942081457305,1
1.8082318121209298,52.516338366706016,30.756911284305637,62.56484221945158,2
13.356714381622114,70.90462617224327,26.341620626802197,210.50693966534294,2
8.48644488231232,10.687692309474384,30.64463731182345,809.0236402916764,2
3.200999277048478,56.73122196289035,33.836857587109286,146.92192358377076,2
9.403809581681994,25.656278370136377,24.544164569498335,342.64514652252154,1
8.653795366410542,96.29268752375798,3.5441885587871624,864.65892185814,2
5.014278052459767,48.35456467199247,19.505112386688435,154.92531114344266,1
1.5898062907948063,80.59925497751581,3.1059733868642025,82.7368356181899,2
9.402024738299195,55.022654215626176,16.301721241297233,484.53799508001083,2
7.284307812653106,4.341253285481916,16.284259565025106,302.4195112785364,0
10.81245748429895,63.31513755940223,2.640393765609663,563.4083644838541,2
7.282289015567907,95.14033422066571,13.952821358779172,803.8048904834751,2
11.930541004459561,60.16118201463312,4.4399239516525935,137.14848815274317,2
7.726695742842797,81.91888594267903,32.329408400368884,580.699084554285,2
7.853131601495408,88.42064633484078,37.90752103857883,505.50876038986394,2
12.273150437216831,22.807977194893247,2.8926590103175442,144.07878601319956,2
5.648760126973558,21.204483990822666,38.20460829166806,623.9984855289824,1
1.8762131983089703,61.09809888509917,20.903063973469806,273.64041786077166,2
0.4029574683867456,41.10284698067047,11.982627118154955,487.8343185440125,2
10.571921579430667,83.98613028667204,3.0744830110465404,82.27232427706188,2
8.684333718948505,90.00231233980112,20.02497072281671,459.58405721362305,2
9.85711675338913,35.34213793027181,31.780621779629946,306.4634680428203,1
2.9814982611247505,23.687055897448207,28.283459090667925,822.3812111853543,2
1.9092006582147767,78.05255152438619,2.0090404585589505,56.97872699736828,2
0.203625319350347,27.48060355481361,2.9160734147161405,418.60727491832995,2
4.908225823292358,82.26143185136785,16.114931305305483,458.431424131438,2
8.258847615964862,42.37382536487628,11.811619761917731,725.0060762991187,1
5.491416631396253,66.75498992914704,9.295372922241913,574.287575090211,2
6.124648908332206,9.553531383466819,11.240179956348545,667.212337194181,1
12.658221722912478,62.3859324676573,32.139309731875386,777.0492856517561,2
4.875576538326205,45.17676787372291,37.16912214527416,862.2029736581887,2
7.195852848237351,58.66084631754741,16.204107781102657,313.87549672247053,2
10.971142178376002,16.801420774486342,36.244440085299885,538.0227053639029,2
5.551598952497782,73.68737449441821,12.85982804991528,840.1080784391999,2
8.709213803190229,86.27970775432286,19.057479453751665,989.4511309650564,2
12.073091922454433,21.673980009077564,9.041159912639989,889.5193110437631,2
13.293288731206989,9.571455552016172,25.619041687033757,371.4672626243768,2
2.059028733006531,2.3638586046336396,39.15924460699236,195.16651721865043,2
12.972226752260921,64.1971500443266,24.139723841735147,489.3925374065887,2
6.889628103113535,60.70940360887808,14.312563364541955,741.6414518360423,2
3.615421436185417,54.669741271407005,25.912697839621135,492.5690707532976,2
6.4279005873356585,23.194709611597542,4.916827138615503,483.1808633136685,2
13.720456053996678,39.09059959055147,35.546363210615944,838.2304210818006,2
6.896653315900174,59.4476335186173,20.123358031193455,361.40377906718635,2
4.602522544025115,49.67668588591694,17.97398968158568,859.7946748116456,2
8.86761196043416,98.77855202148874,23.43459153814077,406.80480095172356,2
3.3620386628947028,13.643975255673313,24.991354511576098,328.2331056783394,2
1.0620865935212949,69.51445540475937,2.871032249060521,453.989911199699,2
1.8043161067490892,40.431876810429216,27.304688848936095,762.4469586748685,2
1.7926417454088142,42.819961492561475,9.677267212621183,126.00202786399429,2
2.1266377091721207,71.75977656581762,28.55810530026359,196.4192158720174,2
1.943580417091742,69.24361513243696,32.90139177536787,951.4448256630919,2
8.972246427245004,99.12559937021884,32.15834030210081,175.49162738135738,2
2.5463211815880276,12.839428945412523,22.100038696315565,567.7273179310546,2
4.839341966534085,10.410964938416633,20.806795692430047,579.3144666619379,1
12.555037738684165,72.43388171287411,5.715038453576469,489.6244620502448,2
6.635462963680213,57.83869170064091,31.013846016125424,644.7452485768185,2
9.345808339294381,27.416066655980586,10.856375217868575,229.82672579761842,1
2.4124781968228177,7.9419368988986605,19.867816912717863,552.6622677767482,2
2.692046263321391,8.565824959643054,11.370963717100668,372.17325524689716,2
0.5721606277307041,89.41908746641182,5.353134519987726,661.6672596291891,2
2.3650908830103035,19.18673247187429,25.182307875669462,141.22354337314945,2
3.9002647464474207,32.33715621155208,2.173281392916153,570.8774168394763,2
2.4781467798744554,22.6656402226988,29.945809365048,185.2703553833237,2
1.2418354725987786,35.49963058319373,12.703471810444666,278.6430631150364,2
1.6889021954084114,6.942384274609337,0.005387720179412803,218.70980032358324,2
6.450902752458161,51.90597909082704,20.44516556948919,182.8377798688171,2
2.888672057681095,6.76125635922149,1.874076341104125,825.710951560667,2
5.099778054673056,80.03565078223616,11.04678231283598,285.70756766089033,2
7.047841791967996,23.3712081910433,28.279059498228648,927.1237818644494,2
9.665527600811114,54.00119146045106,2.5075848648746346,969.9265253451908,2
0.5503699577753851,88.00790875614582,33.5735396942401,571.2604699370974,2
11.191745584726597,65.08773690471942,0.15279690634332432,143.0011226657264,2
8.79060545287271,53.29577865513353,9.87295476807609,374.54824337958127,2
1.1446264472842067,32.43337531153756,29.636162246082858,797.732263348214,2
12.230100737494881,33.300191305819794,12.650805989172271,367.3907286970705,2
12.892213607445385,66.94869551981901,4.075695522640541,87.01721830278875,2
0.8550914379680925,99.41393612211675,14.409356752017114,556.784910928188,2
3.876287074060852,66.18391898493786,10.815731455381021,845.1208514960348,2
11.286817917102859,55.77834173700249,33.708476086422195,795.9263871435024,2
10.475635665371216,73.06505102392461,12.533916703405726,175.12314013035325,2
2.5832942709892825,46.52056122837182,31.557298871040288,672.7646144124667,2
2.9308905267139442,6.0142342600785215,35.67488579242939,220.50426343564712,2
5.186609439079348,56.22968158779098,17.35269678306118,218.20753455217223,2
6.783321792674299,95.76252845053801,36.39772575417568,874.0717733051852,2
8.655566801424143,17.530294235765965,15.092722158527714,249.66895274023017,1
5.164790953976814,69.00048908206658,38.563136659604325,263.24734651801117,2
6.47548602586407,20.093368865905646,3.571580981022917,0.6533907612995549,2
10.464593133872592,53.582768447308126,27.48077066012971,870.6690341255177,2
0.5135648404683706,9.667644964671961,19.75256161827715,792.5948132091347,2
3.5341172208162908,45.037093625818514,15.505952218225882,627.328935090678,2
9.986894202383734,75.61633288952461,25.308475149944037,750.2657639388423,2
12.53289572762079,34.757152423898205,28.15428366537325,152.0485674244918,2
7.163484189619326,66.4911724487218,0.1745307860123635,458.3235945875754,2
7.449588793714419,79.54499607897291,6.678123549887949,351.2193873487809,2
1.5004081587568647,92.71778194794527,28.52184202537275,93.77652625701649,2
6.263773135528365,23.464208185545353,26.655416543128258,486.1304852149241,1
7.4566417303703245,39.931591580930814,38.64190020514709,920.7396503426354,2
3.3945870508862153,15.241601333041743,30.44151161003132,40.05911905069448,2
3.7694052332913337,99.24835021583752,38.03090830925352,291.4609134937939,2
5.281978283464717,92.70009679242953,28.10162006139228,207.54093620570347,2
0.28099676888816916,53.99571302805596,11.922088345577727,238.1466536656963,2
4.509108318164496,84.20332943764213,4.214596890034259,908.4345518793752,2
2.9602720979516253,52.09579772720422,31.272954533797424,468.06905423429015,2
4.584962930490805,62.35856880027597,25.765968859036636,466.2994129398188,2
1.676669845469517,8.912443211601662,1.9274404957318492,760.5756424552823,2
12.46738193035853,75.52704204968079,14.402018636039134,154.4922040049258,2
8.310294349756681,12.771348363523483,38.271992619371446,487.2653541000508,1
9.507432468022854,82.60676302525283,20.01604582840805,429.9852141210597,2
11.048397340502737,78.20280876703859,17.309165440788185,596.9106905466562,2
6.978190785006802,70.87446977429764,18.30798420637176,999.5577032504386,2
1.2168840332239317,3.6160380524762115,8.35530896020655,769.4488940820471,2
7.519491585459669,30.31283559453286,14.74828683459181,397.86570301742717,1
8.215775652292308,26.311256991084285,14.792530239487064,827.553052274047,2
10.43615263858062,36.01364074715191,2.094200807498896,170.70836331248017,2
6.043233647215511,8.764274676383854,30.70270514071673,30.463686308960124,1
1.7861242391378926,93.69578230310628,16.66017727615516,204.44837246427306,2
3.972862681182143,55.38022407123763,32.887195472656934,340.41155611425967,2
5.083152149580892,30.552431065802356,34.01392004479582,510.5807574595599,1
9.042841378642418,39.698151707428345,8.479762187946323,615.1291405411998,1
7.990896265364766,44.72025405048357,26.29413928680514,910.6057172144217,2
4.985354162569847,60.05943333606173,18.89127216651927,509.8540095504577,2
13.811213483101715,51.567942769649775,35.2062695168594,501.2756446257294,2
8.48084747099642,91.93919732144174,8.629627167058164,50.24300982298213,2
3.3211750843039227,49.696348290583025,27.112528012401768,34.91155265622381,2
1.4249546166856524,99.21580148233127,24.310084890108904,551.159961916372,2
2.1400279485806486,85.14249577450957,11.812059102873311,438.1786132483445,2
3.443408197383114,20.85105143573358,5.4640361460469045,839.1803949802986,2
2.2495392256337796,93.05952146439162,26.065590419091063,160.67958471184517,2
2.6119383367182807,11.636639788547608,29.543898325293227,24.971662117049597,2
3.9913323617138596,81.74497084911916,12.625093750533999,449.03876793012586,2
2.4272303341265675,38.06232934765801,25.793304160892554,237.47855675225748,2
12.554715944769953,87.79743204450695,15.80523630446013,49.614373338837446,2
1.123272439262991,86.80566901074504,28.52827533130471,724.598286847629,2
7.343159453983565,80.59254001176211,7.968610995762124,111.59299995724747,2
5.745555577855261,79.00304363070614,35.608600105446975,608.3195000077717,2
13.753300636720489,30.46791390980408,11.49638385862319,281.04975016688917,2
1.5685446303527328,8.091928305125219,14.711439510246116,173.49605035502202,2
5.569978386640383,40.29801787651615,2.3236780832139914,379.75152291931744,2
13.572586065855164,17.35245149865087,4.460488492851056,801.4457762229537,2
12.117099762515723,69.49510889024617,20.634476108493125,392.09357690457267,2
11.439008993289919,34.609972653778556,10.70370706911886,750.7696492110557,2
3.610639578629158,97.56102008599149,33.41920902968778,125.4862967991507,2
2.3924262234609213,64.0972077345332,0.5877355461981537,772.7714196650791,2
9.361005078942034,82.24805636343609,15.163761946877447,236.93332490664864,2
13.011263847786202,13.252467274184843,13.493821870763707,677.3931298888727,2
7.794680502195017,86.20144822726226,0.7731052367040414,565.7815548409964,2
8.002577652578598,92.27571905133944,4.974735960020409,929.1447172116873,2
3.9197073112439784,48.70619188189359,16.54570699674541,387.32251797531404,2
10.772901064687117,60.625293775097745,19.714583377897867,66.16518883444044,2
2.618612479805327,76.48098009029954,16.171589890194763,19.155485551252905,2
4.531509309659412,17.483862726041256,21.237507136483753,826.8585609727531,2
5.956110140629835,50.25660764634424,23.80526699622726,524.7356376614322,2
7.10654530158237,39.86630277723131,0.3969528451134252,775.2440518349492,2
3.3937362538111233,14.63739921622491,18.563806378140157,234.4256000115147,2
1.6077155463488495,36.753442229153144,38.53996963550353,345.08374551323374,2
8.548680594182857,6.817230938549357,20.761291205181948,30.103872211318937,1
4.040827745363581,2.5811906949486985,27.101690698358126,961.4923245741121,2
8.137335099916571,13.516628915482276,12.474554316675327,667.8679067008134,1
2.161078013838832,96.31151115891738,30.9596551261105,933.2050877593063,2
6.735961425967445,54.952953589501696,30.916859275044605,265.49640742907235,2
7.456252055722202,96.582216115322,20.851841906165557,611.4636112256609,2
0.7255295155139767,43.2497878330132,39.04055293116854,678.4999682926378,2
4.712459894714888,31.181613308525957,5.022008590506135,317.5497002575884,1
1.8818054771456394,50.61418628402441,0.6779065955832397,848.10923501563,2
0.8872495866187484,43.95116886329101,30.806328470283837,947.1614629002478,2
13.859443253459233,10.566468426174392,32.2862214945953,884.8551176960043,2
4.512953829646122,64.08263146902063,4.80828916482305,739.0669759393726,2
11.338242241964888,21.60381825095996,10.623313318344243,277.464679724954,2
3.564969166692694,61.95879548978296,0.7020945346651564,281.6160421056317,2
9.541038111135009,65.02010923981534,11.732344431222588,963.3603204460379,2
10.64319003845561,15.20248531286481,30.92567495674686,10.284495935692028,2
8.33894236850982,6.134962711066816,20.718421108503158,716.0499732421445,1
6.602066639702217,78.07615860684398,13.923823726731523,706.2461625552622,2
5.765772798061759,45.98004237693202,14.869571796253211,622.6895409497974,1
4.884155731601934,5.816379550547579,0.054145028618726165,990.1088460868658,2
13.013408019469562,99.48663171697672,11.992021102609435,311.8794357637252,2
11.628671709028207,5.778056099636664,25.85834966551722,339.9718637932482,2
13.510376749331176,69.50352288585532,38.967777752654285,78.93940294655555,2
1.7401611287976262,98.36789252634136,33.88243307935598,442.7981365437374,2
10.23214465285102,23.918010421592562,0.943798585821165,261.0485262348481,2
13.13676639549453,14.224936868719617,35.94242418699358,343.3867021776442,2
2.537262926319242,12.138493942242889,31.32793653194504,834.5717902556277,2
0.9309477431348849,30.327514756759555,31.215044942839217,935.4845135274958,2
10.375689090060828,10.10458110106467,18.31983036014286,185.73307200518562,2
8.042623584518767,69.2161341694132,15.920211718180113,372.50893155346586,2
11.785602874615808,6.229179813006269,12.116629153327704,928.6305621153941,2
1.956813272768053,50.94221281497897,2.627794358174631,61.808460689222635,2
11.133742366038463,99.66968538529768,9.129414539747964,92.36052811137851,2
2.8227824806684234,81.39702695060188,9.864145399120986,162.79098920622937,2
2.291183200119863,61.52194382310109,19.363082788408065,595.2128341268748,2
2.299721171033901,30.625362078661166,29.897776263867758,150.47227100599747,2
11.404046083239349,62.389583629163845,18.952393135917866,968.0763814507335,2
9.312761089746802,52.70414639116516,2.3137779778864243,446.7145272585203,2
7.3229159467676705,42.60833838903715,38.31159203952816,501.5179603501664,1
5.023626777729035,13.071037674019948,37.70897276376449,246.6586158054065,1
12.280807571383516,88.66042152404667,31.407581725936335,470.9602524347335,2
5.494231503916895,44.97846488213225,39.65311606256882,661.9136326370116,1
11.432392152602079,19.462251182076507,21.779293312010516,751.1771369540428,2
6.147888719983058,36.77593508772896,38.510734010128246,753.868082709913,1
5.277222011948706,41.4129752528927,3.024201624670031,577.8911126940883,2
6.47751699937449,82.75378955668742,14.627229930454853,904.3597749938572,2
4.219290238297989,73.3614380561402,9.015250720270632,817.4078473061094,2
10.466531322467516,76.93048936413398,7.833323365370801,757.0481146986255,2
7.038085461294708,1.1031264428647214,5.632117955707043,55.605521680460626,1
3.2509777320554423,41.615399817976154,24.896545662639866,6.877962219649314,2
12.594044025843958,48.13441516353236,31.252874229892203,212.44727719547296,2
5.3744770992249595,1.9192276823056686,23.131935976814425,663.5235939134523,1
7.60974005559584,25.98132087450342,5.878508383528387,411.1974888825458,1
12.690609553503657,76.0289823122135,32.444950797338834,402.4062592993117,2
8.73933194279589,13.710970572899905,25.43818828654914,884.5868882296137,2
1.636572569917097,53.531013145259166,15.52662824507982,895.5628481318387,2
13.157649730588652,21.52018720172375,26.96521182144252,909.1752640535857,2
8.78791274299985,1.2120774643893273,10.396199169713313,313.8780765150273,1
4.688678605199206,24.12014575995415,13.80768833976842,691.0558127392618,1
1.9498090172874216,97.58737549100537,36.69943372527961,271.63318127436963,2
11.116352649784144,80.15371118829896,11.620180226856816,190.6098330744498,2
8.68101858299919,95.95766443210334,18.799530726317464,184.6324573473692,2
7.468455287668501,48.785404392636245,35.605645495840584,342.10762086359404,1
12.514496162713407,10.973619867750351,28.308854010701097,429.9576197798217,2
11.040360957143431,54.79594889736929,2.48812904658811,830.9491710550684,2
2.1234483162585165,45.43773345599609,5.892121771158814,119.8910934727121,2
4.364108949137675,84.4357082739616,0.3136636308766727,734.9258473948942,2
3.4788479574025204,9.808258078424458,25.236871609166535,531.4549141893053,2
10.415248096017478,48.82411370217782,17.906937016416734,287.9453426759925,2
0.46945408630091134,15.004866469398426,5.370994036091021,492.8195845328246,2
7.978455588198432,32.467592689006,38.31736484227082,299.94206977702265,1
10.674421600369667,73.73570773877996,21.186388957824796,596.081955238306,2
12.274718914664492,47.601812936876655,9.675731764515568,433.8439228552442,2
4.789144482022705,37.58882851457693,20.0241428461883,164.40552907887874,1
11.49760226540818,39.44762785700353,27.184813309404312,116.58307455569673,2
1.5488443173729012,45.94467684059866,3.049568718942579,546.6956820721301,2
11.850332084283254,78.50165438370568,10.98815260191568,902.4130332861034,2
1.7848412726477538,89.20846889402344,32.278619635359746,343.9576865576856,2
5.562022067845142,95.53346865039283,18.38659481610645,733.0001072226232,2
11.162135120913751,78.6903386255295,21.863085681291796,658.661354939767,2
2.098843982882833,31.540689574801274,17.31264008837877,931.554914309481,2
3.209519533256981,68.81347060865421,1.7559977057202047,820.9810172991408,2
10.111535957502928,43.760312405539196,6.629991192806237,566.605258905463,2
10.08051151164504,25.467062204605117,17.821665549675636,657.0304982341073,2
8.976066860394162,84.08715794259226,8.367418616317114,898.3864665840349,2
9.7152782225394,3.8426348962324997,1.9991611463871495,399.51878458693477,2
7.5981422068663464,90.17619921354235,33.74598656207295,326.7947058577774,2
3.5251868246973386,46.147746462473414,39.24770116656463,10.81108363519634,2
4.839743909054873,63.72014768082804,31.725714959869578,826.5510741914642,2
2.542368035219959,65.93539222057827,34.15139686818668,800.9807004033648,2
12.718307858670796,89.51177407065364,9.679085212681816,104.45451810015139,2
8.167485126725687,63.66696821672073,38.42507902052799,576.8573811327002,2
5.6119198346909585,61.39335847600618,7.877028178137135,463.9816981668874,2
6.468081251017858,6.665204056068996,38.05719241447329,118.70909550911146,1
13.261966754565414,51.84080219452041,39.79277175863804,980.5682270607235,2
2.1469196436251226,15.016900081704165,28.468912229841948,214.69588746335543,2
8.207217648235162,73.74337687214856,39.24574927167288,67.23418009056115,2
7.0824415043825235,51.22219208126745,22.781591182684146,594.8473795019096,2
8.56035929608507,68.02277792083532,10.381671327043613,738.8666771330327,2
0.2535425734917671,4.167290060238427,17.479835426624835,32.44344604718697,2
12.209734725218121,8.479201604580322,23.74243741515144,658.7176387270222,2
13.049655954770573,71.63233880626822,2.9232624810805996,532.2918759514545,2
7.911864570248925,7.208433599867337,24.893730584689845,103.26500887504841,0
9.753111534276492,7.12567277652586,39.24711347049178,172.52387694636207,1
12.914991336482139,1.210847523488745,7.604305991349105,567.9742973160805,2
9.90134088038758,95.65013982994802,31.703804651535332,296.35761351328836,2
2.1355466007996586,73.75083594590069,36.31595175118478,938.315728651316,2
8.068037042335384,35.32514085020642,37.74806371280883,818.7402294840508,2
8.494010649359982,29.65355812876552,38.40542417621789,983.567206513663,2
5.937829398233404,34.97032297458495,20.858385548858877,259.670838950414,1
10.31021929874612,77.46535311811819,39.09231631966015,969.7236327979771,2
13.081138206766209,66.13706110704143,30.292408285377554,431.2338697915579,2
12.957959180694868,18.519556786746794,6.466857449478476,347.51879531375465,2
6.3117511996578495,17.410933533408436,19.0760042587188,50.34952696935324,1
1.5853326417705735,9.839564971339732,28.73324701488016,52.76525785960262,2
13.787776785472683,66.03027197013381,9.893612632763332,692.0112559466547,2
11.744573210243077,76.43726622217359,25.624607341955496,457.9289944340279,2
1.7452775368457358,26.5046428325004,26.66401916186477,226.52162603610572,2
12.891786356643212,2.094496103091281,6.5079897523426355,613.9703063252326,2
12.178549068869795,8.217166747642734,22.603412498110252,252.85811825011118,2
7.26373279976501,96.78600348450304,30.865076439144307,577.6317543444226,2
8.277856100429009,29.544477747742025,19.955826581437677,359.20874698269034,1
5.586037854181823,76.92231478381336,0.484124671044297,823.552226611819,2
0.7666629435084387,62.46635688542638,0.3615387631716871,820.6961607667793,2
4.692761383042613,38.19396396528959,14.281173758800488,477.3503981224013,1
11.239948280372161,20.56872621955551,37.04776273727128,350.8191093350156,2
0.06484832206444002,12.138641815940643,9.147071184144352,362.55979655909454,2
4.6689884036760185,61.50129680388666,25.374547554867487,805.7145256682179,2
5.574361710273206,77.4633780637788,8.883034827732823,328.179482797612,2
7.5235384411309205,64.39042535411306,12.866799586381944,209.05937370684603,2
12.877978629778646,53.030213324915835,33.92168358405936,84.68834187530683,2
4.848843921123457,4.195122343163627,29.154457690797877,466.6931208844084,1
4.8573448265471875,96.84887775943838,3.815971092528425,482.1320989198419,2
10.325017473536477,79.87141916545745,17.148080839457343,840.9087104029071,2
6.3310511724573,29.282203670096475,1.1667905458105787,221.23869644606398,2
3.1444675211597475,97.99703293588506,19.23560586412036,380.9912736683999,2
6.334153225857707,60.18815896363221,26.49736046804272,808.4057388936909,2
1.971998285317198,58.24226582072465,4.740104943926062,823.6236107489735,2
2.4694178110871263,74.8073179429532,11.555397556366627,384.6110759787682,2
6.977148818352717,81.17697880901376,15.913465020086278,459.1240232866809,2
5.8649562930636705,65.64786073315027,36.78124098624199,303.2858908492829,2
12.807842614953401,12.809574636620003,39.73020061691856,932.5548784193121,2
5.073514587632864,33.82675059944984,1.7964519598246342,118.64376574158031,2
8.128236903892608,92.80836403260497,30.44031693981568,933.7494230014701,2
8.851700030873426,22.461561184385193,14.868962656093728,683.8664518353432,1
0.1833223922366709,37.21670238375133,15.698327449179201,531.5721526867312,2
9.289523208233948,43.2076882944196,30.170598933880907,32.65906078449588,1
2.49250353617652,43.940498969445215,36.73705728581635,475.5961918220083,2
13.454984444572371,61.29395824945255,38.037143780101935,407.7481050027323,2
2.0812781885435814,94.30758377447076,23.08490344153283,161.21881197512255,2
5.804737732178332,24.069271183250496,14.284846372020112,656.4096035006569,1
1.194895353101014,12.150137630091805,31.50196343435117,971.1509073682857,2
13.956239525843262,19.747048985993732,10.04005533049201,562.1888110645251,2
7.030730144637396,88.69249002092695,22.56296115334071,714.7532764439458,2
8.335390242480614,64.5810812655206,14.343138460994926,68.45045256601678,2
0.9390706834379847,28.590678923916013,26.265242948315045,417.66699581699476,2
10.499446585588489,81.59469389686173,9.615956515740276,116.35848516449587,2
2.9386783033382007,86.1369996363436,7.663717829393031,612.7958355365104,2
12.572760052169993,84.6514338690278,36.729563467017485,938.4821582141545,2
2.8719549667481004,91.89265336395545,4.072147317981476,661.7777324716385,2
2.669628089291332,25.224102017336158,20.238316309397266,76.80304831442153,2
0.5116953498733283,75.50419287462783,8.834111318520357,354.66620498508286,2
6.60893723153999,46.053949727414,1.557198533026698,550.6633794408515,2
7.90777586567663,84.19985528900615,1.4407527316570556,403.2077561332522,2
0.9199209519969331,72.84906771616131,7.008870884233094,833.6440104751723,2
10.857386633730147,77.64474464997247,34.67081418024001,814.6710047099892,2
6.346043686472386,65.61618376810715,11.299149759081066,611.8310201032215,2
7.34146377058612,17.742876946970686,38.01836682301183,373.4579451327053,1
6.170678457135194,54.502691889693835,23.264891719567743,255.33637376324413,2
5.6106828522545635,98.46697395245081,17.464567590750644,105.87431821312931,2
7.83496463831505,93.73880664971189,23.203553386778182,354.89768348655406,2
2.173363443029975,4.317373579701167,20.66793540905071,413.1725172077195,2
2.5469938269337957,16.481481572943714,30.351050150293005,675.8229251040736,2
12.064998694189242,13.172877345456191,11.29984263891409,658.1598242975734,2
13.245616469870859,72.59799099852955,14.122015664012096,70.10813964125695,2
5.226330427916541,81.77853298569451,35.76377210133003,395.2593154311578,2
3.7904254240097526,21.35113663106719,37.85826052601622,181.77886721736192,2
9.015993605346221,50.5852692951829,35.70232909945898,156.81270531680568,2
5.722278395373349,84.07030280112,16.777919758292544,827.3021497372459,2
0.35540897924482806,73.28015447662506,31.214620120275267,41.91521671625753,2
2.186136363126665,54.223720549184826,19.05342933204395,419.18287590212134,2
10.023611203863565,59.03476904587729,19.90159408584409,168.20365576651818,2
9.224935186742119,50.83605469162799,8.187204362291357,879.330215678474,2
0.37934389504876886,29.754845131882057,23.64521213034066,557.0405132750351,2
3.1076102670612924,56.50219928590161,7.445435910133917,231.38063637684803,2
3.2350471522329993,68.88853020500906,13.26258796268775,502.4272871663764,2
9.406498410382198,87.33229158608077,34.201208064797406,731.4863597031158,2
0.27594752856109817,63.629135397924806,8.28303236843421,958.1180089194338,2
1.4575201477840338,76.1121537043158,2.8463314069373125,220.44600424541895,2
11.198825195224652,16.0071634954573,2.760303704512652,886.1817721293452,2
2.4996252687606706,46.15574744197899,37.63138082012431,934.3041141674903,2
9.138445509926246,0.9331619827093296,20.276817518473386,916.4205445320662,2
3.3345589346541713,24.667886452162303,16.376482872680732,635.4143568619098,2
1.3921794986308322,72.64617151130048,32.435143240316734,629.8206544347076,2
3.4044106739923574,99.18099513493634,33.43303711642064,403.2106331838228,2
10.111737045979229,9.917809958721591,13.287641324624184,752.3978823037879,2
11.979750553488,40.14943158612883,27.74472229895181,531.2940183509319,2
11.623078103937882,80.00709686991596,30.844912634075463,677.4380712282945,2
5.560569414658367,20.403563462889885,26.18602747463818,428.45790384879547,1
9.353191911989047,55.50849493022862,6.063802992003975,731.4964640431391,2
2.8697801358214936,73.30712960296748,35.03532334068228,824.471517604549,2
4.104068223654186,61.5985450260179,21.563782109440346,146.43625660281612,2
12.548701459295676,18.802473461541613,11.298897054800147,832.929715574228,2
0.1820269291503045,35.538456868573945,17.009127417507756,540.2965317903072,2
1.197119431962553,78.37917844853972,1.5028436159562952,844.6659090902243,2
2.9104075720443827,55.42265141320166,5.114672048896702,431.3017063410146,2
0.371450854233476,0.5229613542912737,30.621870020634432,379.04048538303505,2
2.5400960912571624,76.09907600280938,0.00046539021464564456,915.0607325172224,2
8.162581853575691,3.531135494023907,16.662633139291685,251.1692675484013,0
5.8999437082949715,74.57337827312321,20.900407243423537,844.2123252861431,2
12.497403955077647,20.24805601652374,2.185376800038892,484.02057250940413,2
11.444209864338173,95.80734801193802,38.92312651889331,514.0954425512597,2
4.785442923770264,36.79407513020845,9.045013249986877,308.468281489484,1
3.6319280680380945,32.69316163380791,12.167948785451234,573.0422006190157,2
5.315693714341736,14.888805033244468,12.157700490201094,325.2111962762113,1
8.264129195207309,30.560421549021488,9.216666484693995,39.26941424165231,1
3.7528909715202676,87.66507618282006,0.05895288345245664,271.99860534435606,2
8.738084709887875,99.63343376272474,29.173791763519855,6.379043406590679,2
5.731763130677366,36.83095305068483,38.67381999197141,978.3547870568566,2
7.728660531927723,44.861063095454256,8.971739331401803,965.7472098197475,2
6.105771407894434,72.2070938202737,26.5218876721369,395.15529747230505,2
4.122520633586848,88.61957804650746,29.675853078348602,728.370854339646,2
13.278346297470193,59.304433418678414,33.93701516362099,345.80609841042497,2
10.69048111823665,39.15256981778293,16.905167880544365,671.093157085976,2
1.9615844607303357,41.262184084862376,12.11723622561717,805.4300430459791,2
12.15855166257078,69.56181464968068,13.011805360921244,946.7562446922408,2
6.824036775493191,0.32182636042786816,28.504853323940512,400.212275849672,0
12.52373117651728,61.95893374598407,32.67117866022544,783.2979829560477,2
11.197973583262414,35.54930104413574,7.264558710264106,265.92845063211877,2
5.9529890625692685,79.41973312770843,14.83764032631061,990.3323037936483,2
0.3145703164816436,9.299063982313216,36.077607869966,25.769598764351144,2
3.761483031389245,58.82022669483905,32.26774078778957,603.5288065011209,2
7.582879005252137,48.09728898861238,39.39433611049903,659.5059816513271,1
8.868695077566063,64.23255259052274,30.16993038728323,688.0455570741289,2
3.6104275960648318,6.485359448296835,15.72780804111689,120.387578789089,2
1.9509850370195378,57.99837874281313,23.62551335978551,938.5297834731305,2
11.689023315190187,56.14845879595237,26.440570169892812,181.1832790500828,2
13.78163052984973,56.06600944161709,3.138232652684958,622.7534032398411,2
7.359662552237602,60.34876665964548,21.779878364154605,222.67607912308495,2
2.403510001876249,67.64679372263622,28.372833138904383,307.2164170212709,2
3.8123025712711653,80.49889996807697,6.692852160042415,546.4585417281244,2
0.25746947166453427,26.982072012821433,31.225268697022287,417.19341856457646,2
12.800183291846986,82.5049410180062,23.350911220564466,160.22560097650629,2
1.6485151604619759,49.82556822634536,38.08887142790378,170.93640242084828,2
8.07123065719955,7.705827913433117,1.6968919282756678,418.14478816279967,2
3.836773089620884,5.85509292439792,10.613045502218679,757.2829782755007,2
7.758492035221108,33.42383186960608,24.062155171992963,897.9646468477886,2
9.119885436926099,78.48969771114676,11.862396488237227,84.12766225938284,2
11.616385251900823,70.76809347409157,28.576966562849687,393.1039075594011,2
2.889897804648445,78.86149646724064,30.36021130087724,100.24556372287662,2
0.1539416012187267,51.72690564416094,4.100638562658978,16.592480632597884,2
1.9163988209633018,44.01989979554906,20.554178568270707,661.7186826439566,2
12.600260985873472,14.745252670628394,20.355622223642236,602.4494419665878,2
12.234461085875214,32.81927536093116,14.771230808621642,163.0191138148862,2
8.363783430384316,43.40193661738753,37.31699450278688,233.8128330930641,1
8.407236046071148,8.860042967961723,33.10025279492885,23.70775364451838,1
9.310513443647576,22.061195271121125,27.88837527638547,834.9472056944037,2
2.4551979007282942,59.82252940637388,28.573065429399904,974.6905960485515,2
12.801767242949436,73.56631142391899,18.468645752524765,135.4595367946908,2
5.862787348489023,99.83475113929497,36.83978084386303,231.47521376529812,2
5.363939395492965,93.31133313435576,27.783817090131414,868.4095239469341,2
7.2648478739597255,64.25651995351916,29.15924246623266,926.4637979561849,2
0.6575235348507706,42.1248053294072,34.46763615149381,419.6273828068103,2
2.3279671625851117,63.617736470823274,10.96286357368764,50.62247226907412,2
10.332470629969187,78.56516180802319,32.28283615466812,39.391833692819404,2
1.1591813509517706,11.833619092338733,7.8096241182596815,573.9498660690105,2
8.444129532529434,40.99048896962883,13.813678089795513,392.89510889317904,1
3.4348875355384934,83.98022856356172,13.424418170793707,28.652427577654514,2
5.450138596587672,38.3832951933044,39.14101873556562,583.2523923125568,1
4.041712314789798,57.18722712271865,34.26148894991707,11.302536589022472,2
4.979418030509288,58.77693608621982,28.04679446361039,787.3719581492729,2
10.066642672579437,18.447625313363936,29.082270464615604,306.4328227033716,2
4.15970401872445,36.22354416522884,22.482911776102842,40.2580030092321,1
7.929664964156561,33.451128874193216,37.88362668434076,588.3522209831533,1
6.664705630787395,2.6196708532064794,19.85035011529446,397.6844144330547,0
9.291396315077074,2.4191763891355245,15.220708394795782,973.8004133571495,2
13.115616350546611,83.16970436757735,6.52141347726364,544.1986625037022,2
10.256009360943505,27.30708099728124,31.44822609044232,275.2391810370083,2
3.0091653002705945,51.80787662388154,29.37775728302366,709.4388646339747,2
0.4365638908579854,29.872557358877305,15.374201540965394,271.4920025427113,2
3.671696620197551,94.06792451153404,1.0077365583691744,904.2432914075652,2
8.331091029803568,25.929675886577375,33.55989310872043,374.72197050737645,1
0.7199613887795049,42.96568127389351,0.4567193381629453,549.8685627762052,2
6.949127460817309,87.27302504846018,28.147991185162038,50.57310382422886,2
8.355799884836449,84.19335667918087,38.81028438904228,426.1212379522308,2
4.679414471437451,18.610141784627732,17.50645312592814,832.363539660995,2
10.792770852441507,80.26433097957104,9.398936199838111,805.6488053633419,2
1.4923755438728052,45.81868867378927,28.19484040173527,224.31855885352624,2
1.0519289443013227,48.29688720853552,32.68512568062341,226.07907101056267,2
10.194642586850447,13.347997241594378,21.857212643113893,817.3053122132368,2
6.9368784268867785,8.060151375712465,38.681411010245846,930.3984201693255,2
9.637633549988305,72.79393069737652,2.066748866318444,95.36092127300356,2
6.087582740452447,49.646115235529976,20.191823932181126,450.0586394262253,1
3.4496284653474953,43.68507026151796,28.738157892902002,337.454278964229,2
11.467432447438796,72.95082286523967,34.505618845967156,870.6884554574393,2
11.19182230556571,76.55128989911097,7.170224476311602,83.52491468001877,2
9.725750591961974,15.890816766935355,32.00013927054726,211.1259425580374,1
3.810031921219478,61.02251494776413,22.10828302874181,752.4683375864944,2
8.26322933616722,13.535408227768553,15.862147279598528,51.29384898121558,1
5.053634557160375,75.13750860290457,5.2686011431637425,492.53538071428926,2
1.282149026572878,65.69551562671396,34.6118303563565,442.10703467972,2
12.842390056471398,95.6614621083458,6.290928327188614,334.40117898874865,2
1.9154608328654597,6.895801635642118,12.39151436836397,394.57231531892376,2
13.303322953491234,5.705472115125431,11.601821278497475,529.9405869302329,2
6.24408082141138,28.218707469320016,34.85656136763417,161.3673583883831,1
